Paper 0, Paper 12, [similarity score]
Paper 0, Paper 18, [similarity score]
Paper 0, Paper 23, [similarity score]
Paper 0, Paper 26, [similarity score]
Paper 0, Paper 28, [similarity score]
Paper 0, Paper 31, [similarity score]
Paper 0, Paper 40, [similarity score]
Paper 0, Paper 41, [similarity score]
Paper 0, Paper 43, [similarity score]
Paper 12, Paper 18, [similarity score]
Paper 12, Paper 23, [similarity score]
Paper 12, Paper 26, [similarity score]
Paper 12, Paper 28, [similarity score]
Paper 12, Paper 31, [similarity score]
Paper 12, Paper 40, [similarity score]
Paper 12, Paper 41, [similarity score]
Paper 12, Paper 43, [similarity score]
Paper 18, Paper 23, [similarity score]
Paper 18, Paper 26, [similarity score]
Paper 18, Paper 28, [similarity score]
Paper 18, Paper 31, [similarity score]
Paper 18, Paper 40, [similarity score]
Paper 18, Paper 41, [similarity score]
Paper 18, Paper 43, [similarity score]
Paper 23, Paper 26, [similarity score]
Paper 23, Paper 28, [similarity score]
Paper 23, Paper 31, [similarity score]
Paper 23, Paper 40, [similarity score]
Paper 23, Paper 41, [similarity score]
Paper 23, Paper 43, [similarity score]
Paper 26, Paper 28, [similarity score]
Paper 26, Paper 31, [similarity score]
Paper 26, Paper 40, [similarity score]
Paper 26, Paper 41, [similarity score]
Paper 26, Paper 43, [similarity score]
Paper 28, Paper 31, [similarity score]
Paper 28, Paper 40, [similarity score]
Paper 28, Paper 41, [similarity score]
Paper 28, Paper 43, [similarity score]
Paper 31, Paper 40, [similarity score]
Paper 31, Paper 41, [similarity score]
Paper 31, Paper 43, [similarity score]
Paper 40, Paper 41, [similarity score]
Paper 40, Paper 43, [similarity score]
Paper 41, Paper 43, [similarity score]